{
  "assetsByChunkName": {
    "vendors~app-account~app-confirmation~app-order": "chunk.7baf38196682bbff36c1.js",
    "vendors~app-account~app-checkout": "chunk.600e8cf7721dba1b55ba.js",
    "vendors~app-cart~app-checkout": "chunk.0f49c0c62bee84aa8515.js",
    "admin": [
      "admin.8124ee6ff911efda68d0.js",
      "admin.8124ee6ff911efda68d0.js.map"
    ],
    "app-account": "chunk.aa0c20ccf90fc644bf4b.js",
    "app-checkout": "chunk.afdb1e51e7637ebf9959.js",
    "app-confirmation": "chunk.2d8e789656184803230a.js",
    "checkout": [
      "checkout.7f02e327226db0b260b9.js",
      "checkout.7f02e327226db0b260b9.js.map"
    ],
    "storefront": [
      "storefront.817bb51952ad6872a77a.css",
      "storefront.2d8030a33fb0cd9b3fc4.js",
      "storefront.817bb51952ad6872a77a.css.map",
      "storefront.2d8030a33fb0cd9b3fc4.js.map"
    ],
    "vendors~app-cart": "chunk.f19c2e8423e63587a33c.js",
    "vendors~app-order": "chunk.407f1406daa6cf067378.js"
  }
}